"dv_type","sid","trial_type","response","feedback","age_year","age_category"
"2",1,"X.X","Right",NA,NA,"Adults"
"2",2,"X.X","Right",NA,NA,"Adults"
"2",3,"X.X","Right",NA,NA,"Adults"
"2",4,"X.X","Right",NA,NA,"Adults"
"2",5,"X.X","Right",NA,NA,"Adults"
"2",6,"X.X","Right",NA,NA,"Adults"
"2",7,"X.X","Right",NA,NA,"Adults"
"2",8,"X.X","Right",NA,NA,"Adults"
"2",10,"X.X","Right",NA,NA,"Adults"
"2",14,"X.X","Right",NA,NA,"Adults"
"2",16,"X.X","Right",NA,NA,"Adults"
"2",20,"X.X","Right",NA,NA,"Adults"
"2",22,"X.X","Right",NA,NA,"Adults"
"2",24,"X.X","Right",NA,NA,"Adults"
"2",26,"X.X","Right",NA,NA,"Adults"
"2",29,"X.X","Right",NA,NA,"Adults"
"2",30,"X.X","Right",NA,NA,"Adults"
"2",34,"X.X","Right",NA,NA,"Adults"
"2",39,"X.X","Right",NA,NA,"Adults"
"2",40,"X.X","Right",NA,NA,"Adults"
"2",41,"X.X","Right",NA,NA,"Adults"
"2",42,"X.X","Right",NA,NA,"Adults"
"2",43,"X.X","Right",NA,NA,"Adults"
"2",44,"X.X","Right",NA,NA,"Adults"
"2",45,"X.X","Right",NA,NA,"Adults"
"2",47,"X.X","Right",NA,NA,"Adults"
"2",48,"X.X","Right",NA,NA,"Adults"
"2",50,"X.X","Right",NA,NA,"Adults"
"2",51,"X.X","Right",NA,NA,"Adults"
"2",52,"X.X","Right",NA,NA,"Adults"
"2",56,"X.X","Right",NA,NA,"Adults"
"2",57,"X.X","Right",NA,NA,"Adults"
"2",59,"X.X","Right",NA,NA,"Adults"
"2",61,"X.X","Right",NA,NA,"Adults"
"2",64,"X.X","Right",NA,NA,"Adults"
"2",65,"X.X","Right",NA,NA,"Adults"
"2",68,"X.X","Right",NA,NA,"Adults"
"2",72,"X.X","Right",NA,NA,"Adults"
"2",73,"X.X","Right",NA,NA,"Adults"
"2",76,"X.X","Right",NA,NA,"Adults"
"2",78,"X.X","Right",NA,NA,"Adults"
"2",79,"X.X","Right",NA,NA,"Adults"
"2",81,"X.X","Right",NA,NA,"Adults"
"2",83,"X.X","Right",NA,NA,"Adults"
"2",85,"X.X","Right",NA,NA,"Adults"
"2",87,"X.X","Right",NA,NA,"Adults"
"2",88,"X.X","Right",NA,NA,"Adults"
"2",91,"X.X","Right",NA,NA,"Adults"
"2",92,"X.X","Right",NA,NA,"Adults"
"2",94,"X.X","Right",NA,NA,"Adults"
"2",97,"X.X","Right",NA,NA,"Adults"
"2",99,"X.X","Right",NA,NA,"Adults"
"2",101,"X.X","Right",NA,NA,"Adults"
"2",103,"X.X","Right",NA,NA,"Adults"
"2",105,"X.X","Right",NA,NA,"Adults"
"2",106,"X.X","Right",NA,NA,"Adults"
"2",108,"X.X","Right",NA,NA,"Adults"
"2",1,"XY.XandY","Right",NA,NA,"Adults"
"2",2,"XY.XandY","Right",NA,NA,"Adults"
"2",3,"XY.XandY","Right",NA,NA,"Adults"
"2",4,"XY.XandY","Right",NA,NA,"Adults"
"2",5,"XY.XandY","Right",NA,NA,"Adults"
"2",6,"XY.XandY","Right",NA,NA,"Adults"
"2",7,"XY.XandY","Right",NA,NA,"Adults"
"2",8,"XY.XandY","Right",NA,NA,"Adults"
"2",10,"XY.XandY","Right",NA,NA,"Adults"
"2",14,"XY.XandY","Right",NA,NA,"Adults"
"2",16,"XY.XandY","Right",NA,NA,"Adults"
"2",20,"XY.XandY","Right",NA,NA,"Adults"
"2",22,"XY.XandY","Right",NA,NA,"Adults"
"2",24,"XY.XandY","Right",NA,NA,"Adults"
"2",26,"XY.XandY","Right",NA,NA,"Adults"
"2",29,"XY.XandY","Right",NA,NA,"Adults"
"2",30,"XY.XandY","Right",NA,NA,"Adults"
"2",34,"XY.XandY","Right",NA,NA,"Adults"
"2",39,"XY.XandY","Right",NA,NA,"Adults"
"2",40,"XY.XandY","Right",NA,NA,"Adults"
"2",41,"XY.XandY","Right",NA,NA,"Adults"
"2",42,"XY.XandY","Right",NA,NA,"Adults"
"2",43,"XY.XandY","Right",NA,NA,"Adults"
"2",44,"XY.XandY","Right",NA,NA,"Adults"
"2",45,"XY.XandY","Right",NA,NA,"Adults"
"2",47,"XY.XandY","Right",NA,NA,"Adults"
"2",48,"XY.XandY","Right",NA,NA,"Adults"
"2",50,"XY.XandY","Right",NA,NA,"Adults"
"2",51,"XY.XandY","Right",NA,NA,"Adults"
"2",52,"XY.XandY","Right",NA,NA,"Adults"
"2",56,"XY.XandY","Right",NA,NA,"Adults"
"2",57,"XY.XandY","Right",NA,NA,"Adults"
"2",59,"XY.XandY","Right",NA,NA,"Adults"
"2",61,"XY.XandY","Right",NA,NA,"Adults"
"2",64,"XY.XandY","Right",NA,NA,"Adults"
"2",65,"XY.XandY","Right",NA,NA,"Adults"
"2",68,"XY.XandY","Right",NA,NA,"Adults"
"2",72,"XY.XandY","Right",NA,NA,"Adults"
"2",73,"XY.XandY","Right",NA,NA,"Adults"
"2",76,"XY.XandY","Right",NA,NA,"Adults"
"2",78,"XY.XandY","Right",NA,NA,"Adults"
"2",79,"XY.XandY","Right",NA,NA,"Adults"
"2",81,"XY.XandY","Right",NA,NA,"Adults"
"2",83,"XY.XandY","Right",NA,NA,"Adults"
"2",85,"XY.XandY","Right",NA,NA,"Adults"
"2",87,"XY.XandY","Right",NA,NA,"Adults"
"2",88,"XY.XandY","Right",NA,NA,"Adults"
"2",91,"XY.XandY","Right",NA,NA,"Adults"
"2",92,"XY.XandY","Right",NA,NA,"Adults"
"2",94,"XY.XandY","Right",NA,NA,"Adults"
"2",97,"XY.XandY","Right",NA,NA,"Adults"
"2",99,"XY.XandY","Right",NA,NA,"Adults"
"2",101,"XY.XandY","Right",NA,NA,"Adults"
"2",103,"XY.XandY","Right",NA,NA,"Adults"
"2",105,"XY.XandY","Right",NA,NA,"Adults"
"2",106,"XY.XandY","Right",NA,NA,"Adults"
"2",108,"XY.XandY","Right",NA,NA,"Adults"
"2",1,"X.Y","Wrong",NA,NA,"Adults"
"2",2,"X.Y","Right",NA,NA,"Adults"
"2",3,"X.Y","Wrong",NA,NA,"Adults"
"2",4,"X.Y","Wrong",NA,NA,"Adults"
"2",5,"X.Y","Wrong",NA,NA,"Adults"
"2",6,"X.Y","Wrong",NA,NA,"Adults"
"2",7,"X.Y","Wrong",NA,NA,"Adults"
"2",8,"X.Y","Wrong",NA,NA,"Adults"
"2",10,"X.Y","Wrong",NA,NA,"Adults"
"2",14,"X.Y","Wrong",NA,NA,"Adults"
"2",16,"X.Y","Wrong",NA,NA,"Adults"
"2",20,"X.Y","Wrong",NA,NA,"Adults"
"2",22,"X.Y","Wrong",NA,NA,"Adults"
"2",24,"X.Y","Wrong",NA,NA,"Adults"
"2",26,"X.Y","Wrong",NA,NA,"Adults"
"2",29,"X.Y","Wrong",NA,NA,"Adults"
"2",30,"X.Y","Wrong",NA,NA,"Adults"
"2",34,"X.Y","Wrong",NA,NA,"Adults"
"2",39,"X.Y","Wrong",NA,NA,"Adults"
"2",40,"X.Y","Wrong",NA,NA,"Adults"
"2",41,"X.Y","Wrong",NA,NA,"Adults"
"2",42,"X.Y","Wrong",NA,NA,"Adults"
"2",43,"X.Y","Wrong",NA,NA,"Adults"
"2",44,"X.Y","Wrong",NA,NA,"Adults"
"2",45,"X.Y","Wrong",NA,NA,"Adults"
"2",47,"X.Y","Wrong",NA,NA,"Adults"
"2",48,"X.Y","Wrong",NA,NA,"Adults"
"2",50,"X.Y","Wrong",NA,NA,"Adults"
"2",51,"X.Y","Wrong",NA,NA,"Adults"
"2",52,"X.Y","Wrong",NA,NA,"Adults"
"2",56,"X.Y","Wrong",NA,NA,"Adults"
"2",57,"X.Y","Wrong",NA,NA,"Adults"
"2",59,"X.Y","Wrong",NA,NA,"Adults"
"2",61,"X.Y","Wrong",NA,NA,"Adults"
"2",64,"X.Y","Wrong",NA,NA,"Adults"
"2",65,"X.Y","Wrong",NA,NA,"Adults"
"2",68,"X.Y","Wrong",NA,NA,"Adults"
"2",72,"X.Y","Wrong",NA,NA,"Adults"
"2",73,"X.Y","Wrong",NA,NA,"Adults"
"2",76,"X.Y","Wrong",NA,NA,"Adults"
"2",78,"X.Y","Wrong",NA,NA,"Adults"
"2",79,"X.Y","Wrong",NA,NA,"Adults"
"2",81,"X.Y","Wrong",NA,NA,"Adults"
"2",83,"X.Y","Wrong",NA,NA,"Adults"
"2",85,"X.Y","Wrong",NA,NA,"Adults"
"2",87,"X.Y","Wrong",NA,NA,"Adults"
"2",88,"X.Y","Wrong",NA,NA,"Adults"
"2",91,"X.Y","Wrong",NA,NA,"Adults"
"2",92,"X.Y","Wrong",NA,NA,"Adults"
"2",94,"X.Y","Wrong",NA,NA,"Adults"
"2",97,"X.Y","Wrong",NA,NA,"Adults"
"2",99,"X.Y","Wrong",NA,NA,"Adults"
"2",101,"X.Y","Wrong",NA,NA,"Adults"
"2",103,"X.Y","Wrong",NA,NA,"Adults"
"2",105,"X.Y","Wrong",NA,NA,"Adults"
"2",106,"X.Y","Wrong",NA,NA,"Adults"
"2",108,"X.Y","Wrong",NA,NA,"Adults"
"2",1,"X.XandY","Wrong",NA,NA,"Adults"
"2",2,"X.XandY","Right",NA,NA,"Adults"
"2",3,"X.XandY","Wrong",NA,NA,"Adults"
"2",4,"X.XandY","Wrong",NA,NA,"Adults"
"2",5,"X.XandY","Wrong",NA,NA,"Adults"
"2",6,"X.XandY","Wrong",NA,NA,"Adults"
"2",7,"X.XandY","Wrong",NA,NA,"Adults"
"2",8,"X.XandY","Wrong",NA,NA,"Adults"
"2",10,"X.XandY","Wrong",NA,NA,"Adults"
"2",14,"X.XandY","Wrong",NA,NA,"Adults"
"2",16,"X.XandY","Wrong",NA,NA,"Adults"
"2",20,"X.XandY","Wrong",NA,NA,"Adults"
"2",22,"X.XandY","Wrong",NA,NA,"Adults"
"2",24,"X.XandY","Wrong",NA,NA,"Adults"
"2",26,"X.XandY","Wrong",NA,NA,"Adults"
"2",29,"X.XandY","Wrong",NA,NA,"Adults"
"2",30,"X.XandY","Wrong",NA,NA,"Adults"
"2",34,"X.XandY","Wrong",NA,NA,"Adults"
"2",39,"X.XandY","Wrong",NA,NA,"Adults"
"2",40,"X.XandY","Wrong",NA,NA,"Adults"
"2",41,"X.XandY","Wrong",NA,NA,"Adults"
"2",42,"X.XandY","Wrong",NA,NA,"Adults"
"2",43,"X.XandY","Wrong",NA,NA,"Adults"
"2",44,"X.XandY","Wrong",NA,NA,"Adults"
"2",45,"X.XandY","Wrong",NA,NA,"Adults"
"2",47,"X.XandY","Right",NA,NA,"Adults"
"2",48,"X.XandY","Wrong",NA,NA,"Adults"
"2",50,"X.XandY","Wrong",NA,NA,"Adults"
"2",51,"X.XandY","Wrong",NA,NA,"Adults"
"2",52,"X.XandY","Wrong",NA,NA,"Adults"
"2",56,"X.XandY","Wrong",NA,NA,"Adults"
"2",57,"X.XandY","Wrong",NA,NA,"Adults"
"2",59,"X.XandY","Wrong",NA,NA,"Adults"
"2",61,"X.XandY","Wrong",NA,NA,"Adults"
"2",64,"X.XandY","Wrong",NA,NA,"Adults"
"2",65,"X.XandY","Wrong",NA,NA,"Adults"
"2",68,"X.XandY","Wrong",NA,NA,"Adults"
"2",72,"X.XandY","Wrong",NA,NA,"Adults"
"2",73,"X.XandY","Wrong",NA,NA,"Adults"
"2",76,"X.XandY","Wrong",NA,NA,"Adults"
"2",78,"X.XandY","Wrong",NA,NA,"Adults"
"2",79,"X.XandY","Wrong",NA,NA,"Adults"
"2",81,"X.XandY","Wrong",NA,NA,"Adults"
"2",83,"X.XandY","Wrong",NA,NA,"Adults"
"2",85,"X.XandY","Wrong",NA,NA,"Adults"
"2",87,"X.XandY","Wrong",NA,NA,"Adults"
"2",88,"X.XandY","Wrong",NA,NA,"Adults"
"2",91,"X.XandY","Wrong",NA,NA,"Adults"
"2",92,"X.XandY","Wrong",NA,NA,"Adults"
"2",94,"X.XandY","Wrong",NA,NA,"Adults"
"2",97,"X.XandY","Wrong",NA,NA,"Adults"
"2",99,"X.XandY","Wrong",NA,NA,"Adults"
"2",101,"X.XandY","Right",NA,NA,"Adults"
"2",103,"X.XandY","Wrong",NA,NA,"Adults"
"2",105,"X.XandY","Wrong",NA,NA,"Adults"
"2",106,"X.XandY","Right",NA,NA,"Adults"
"2",108,"X.XandY","Wrong",NA,NA,"Adults"
"2",1,"X.XorY","Right",NA,NA,"Adults"
"2",2,"X.XorY","Right",NA,NA,"Adults"
"2",3,"X.XorY","Right",NA,NA,"Adults"
"2",4,"X.XorY","Right",NA,NA,"Adults"
"2",5,"X.XorY","Right",NA,NA,"Adults"
"2",6,"X.XorY","Right",NA,NA,"Adults"
"2",7,"X.XorY","Right",NA,NA,"Adults"
"2",8,"X.XorY","Right",NA,NA,"Adults"
"2",10,"X.XorY","Right",NA,NA,"Adults"
"2",14,"X.XorY","Right",NA,NA,"Adults"
"2",16,"X.XorY","Right",NA,NA,"Adults"
"2",20,"X.XorY","Wrong",NA,NA,"Adults"
"2",22,"X.XorY","Right",NA,NA,"Adults"
"2",24,"X.XorY","Right",NA,NA,"Adults"
"2",26,"X.XorY","Right",NA,NA,"Adults"
"2",29,"X.XorY","Right",NA,NA,"Adults"
"2",30,"X.XorY","Right",NA,NA,"Adults"
"2",34,"X.XorY","Right",NA,NA,"Adults"
"2",39,"X.XorY","Right",NA,NA,"Adults"
"2",40,"X.XorY","Right",NA,NA,"Adults"
"2",41,"X.XorY","Right",NA,NA,"Adults"
"2",42,"X.XorY","Right",NA,NA,"Adults"
"2",43,"X.XorY","Right",NA,NA,"Adults"
"2",44,"X.XorY","Right",NA,NA,"Adults"
"2",45,"X.XorY","Right",NA,NA,"Adults"
"2",47,"X.XorY","Right",NA,NA,"Adults"
"2",48,"X.XorY","Right",NA,NA,"Adults"
"2",50,"X.XorY","Right",NA,NA,"Adults"
"2",51,"X.XorY","Right",NA,NA,"Adults"
"2",52,"X.XorY","Right",NA,NA,"Adults"
"2",56,"X.XorY","Right",NA,NA,"Adults"
"2",57,"X.XorY","Right",NA,NA,"Adults"
"2",59,"X.XorY","Right",NA,NA,"Adults"
"2",61,"X.XorY","Right",NA,NA,"Adults"
"2",64,"X.XorY","Right",NA,NA,"Adults"
"2",65,"X.XorY","Right",NA,NA,"Adults"
"2",68,"X.XorY","Right",NA,NA,"Adults"
"2",72,"X.XorY","Right",NA,NA,"Adults"
"2",73,"X.XorY","Right",NA,NA,"Adults"
"2",76,"X.XorY","Right",NA,NA,"Adults"
"2",78,"X.XorY","Right",NA,NA,"Adults"
"2",79,"X.XorY","Right",NA,NA,"Adults"
"2",81,"X.XorY","Right",NA,NA,"Adults"
"2",83,"X.XorY","Right",NA,NA,"Adults"
"2",85,"X.XorY","Right",NA,NA,"Adults"
"2",87,"X.XorY","Right",NA,NA,"Adults"
"2",88,"X.XorY","Right",NA,NA,"Adults"
"2",91,"X.XorY","Right",NA,NA,"Adults"
"2",92,"X.XorY","Right",NA,NA,"Adults"
"2",94,"X.XorY","Right",NA,NA,"Adults"
"2",97,"X.XorY","Right",NA,NA,"Adults"
"2",99,"X.XorY","Right",NA,NA,"Adults"
"2",101,"X.XorY","Right",NA,NA,"Adults"
"2",103,"X.XorY","Right",NA,NA,"Adults"
"2",105,"X.XorY","Right",NA,NA,"Adults"
"2",106,"X.XorY","Wrong",NA,NA,"Adults"
"2",108,"X.XorY","Right",NA,NA,"Adults"
"2",1,"X.YorZ","Wrong",NA,NA,"Adults"
"2",2,"X.YorZ","Right",NA,NA,"Adults"
"2",3,"X.YorZ","Wrong",NA,NA,"Adults"
"2",4,"X.YorZ","Wrong",NA,NA,"Adults"
"2",5,"X.YorZ","Wrong",NA,NA,"Adults"
"2",6,"X.YorZ","Wrong",NA,NA,"Adults"
"2",7,"X.YorZ","Wrong",NA,NA,"Adults"
"2",8,"X.YorZ","Wrong",NA,NA,"Adults"
"2",10,"X.YorZ","Wrong",NA,NA,"Adults"
"2",14,"X.YorZ","Wrong",NA,NA,"Adults"
"2",16,"X.YorZ","Wrong",NA,NA,"Adults"
"2",20,"X.YorZ","Wrong",NA,NA,"Adults"
"2",22,"X.YorZ","Wrong",NA,NA,"Adults"
"2",24,"X.YorZ","Wrong",NA,NA,"Adults"
"2",26,"X.YorZ","Wrong",NA,NA,"Adults"
"2",29,"X.YorZ","Wrong",NA,NA,"Adults"
"2",30,"X.YorZ","Wrong",NA,NA,"Adults"
"2",34,"X.YorZ","Wrong",NA,NA,"Adults"
"2",39,"X.YorZ","Wrong",NA,NA,"Adults"
"2",40,"X.YorZ","Wrong",NA,NA,"Adults"
"2",41,"X.YorZ","Wrong",NA,NA,"Adults"
"2",42,"X.YorZ","Wrong",NA,NA,"Adults"
"2",43,"X.YorZ","Wrong",NA,NA,"Adults"
"2",44,"X.YorZ","Wrong",NA,NA,"Adults"
"2",45,"X.YorZ","Wrong",NA,NA,"Adults"
"2",47,"X.YorZ","Wrong",NA,NA,"Adults"
"2",48,"X.YorZ","Wrong",NA,NA,"Adults"
"2",50,"X.YorZ","Wrong",NA,NA,"Adults"
"2",51,"X.YorZ","Wrong",NA,NA,"Adults"
"2",52,"X.YorZ","Wrong",NA,NA,"Adults"
"2",56,"X.YorZ","Wrong",NA,NA,"Adults"
"2",57,"X.YorZ","Wrong",NA,NA,"Adults"
"2",59,"X.YorZ","Wrong",NA,NA,"Adults"
"2",61,"X.YorZ","Wrong",NA,NA,"Adults"
"2",64,"X.YorZ","Wrong",NA,NA,"Adults"
"2",65,"X.YorZ","Wrong",NA,NA,"Adults"
"2",68,"X.YorZ","Wrong",NA,NA,"Adults"
"2",72,"X.YorZ","Wrong",NA,NA,"Adults"
"2",73,"X.YorZ","Wrong",NA,NA,"Adults"
"2",76,"X.YorZ","Wrong",NA,NA,"Adults"
"2",78,"X.YorZ","Wrong",NA,NA,"Adults"
"2",79,"X.YorZ","Wrong",NA,NA,"Adults"
"2",81,"X.YorZ","Wrong",NA,NA,"Adults"
"2",83,"X.YorZ","Wrong",NA,NA,"Adults"
"2",85,"X.YorZ","Wrong",NA,NA,"Adults"
"2",87,"X.YorZ","Wrong",NA,NA,"Adults"
"2",88,"X.YorZ","Wrong",NA,NA,"Adults"
"2",91,"X.YorZ","Wrong",NA,NA,"Adults"
"2",92,"X.YorZ","Wrong",NA,NA,"Adults"
"2",94,"X.YorZ","Wrong",NA,NA,"Adults"
"2",97,"X.YorZ","Wrong",NA,NA,"Adults"
"2",99,"X.YorZ","Wrong",NA,NA,"Adults"
"2",101,"X.YorZ","Wrong",NA,NA,"Adults"
"2",103,"X.YorZ","Wrong",NA,NA,"Adults"
"2",105,"X.YorZ","Wrong",NA,NA,"Adults"
"2",106,"X.YorZ","Wrong",NA,NA,"Adults"
"2",108,"X.YorZ","Wrong",NA,NA,"Adults"
"2",1,"XY.YandZ","Wrong",NA,NA,"Adults"
"2",2,"XY.YandZ","Right",NA,NA,"Adults"
"2",3,"XY.YandZ","Wrong",NA,NA,"Adults"
"2",4,"XY.YandZ","Wrong",NA,NA,"Adults"
"2",5,"XY.YandZ","Wrong",NA,NA,"Adults"
"2",6,"XY.YandZ","Wrong",NA,NA,"Adults"
"2",7,"XY.YandZ","Wrong",NA,NA,"Adults"
"2",8,"XY.YandZ","Wrong",NA,NA,"Adults"
"2",10,"XY.YandZ","Wrong",NA,NA,"Adults"
"2",14,"XY.YandZ","Wrong",NA,NA,"Adults"
"2",16,"XY.YandZ","Wrong",NA,NA,"Adults"
"2",20,"XY.YandZ","Wrong",NA,NA,"Adults"
"2",22,"XY.YandZ","Wrong",NA,NA,"Adults"
"2",24,"XY.YandZ","Right",NA,NA,"Adults"
"2",26,"XY.YandZ","Wrong",NA,NA,"Adults"
"2",29,"XY.YandZ","Wrong",NA,NA,"Adults"
"2",30,"XY.YandZ","Wrong",NA,NA,"Adults"
"2",34,"XY.YandZ","Wrong",NA,NA,"Adults"
"2",39,"XY.YandZ","Wrong",NA,NA,"Adults"
"2",40,"XY.YandZ","Wrong",NA,NA,"Adults"
"2",41,"XY.YandZ","Wrong",NA,NA,"Adults"
"2",42,"XY.YandZ","Wrong",NA,NA,"Adults"
"2",43,"XY.YandZ","Wrong",NA,NA,"Adults"
"2",44,"XY.YandZ","Wrong",NA,NA,"Adults"
"2",45,"XY.YandZ","Wrong",NA,NA,"Adults"
"2",47,"XY.YandZ","Wrong",NA,NA,"Adults"
"2",48,"XY.YandZ","Wrong",NA,NA,"Adults"
"2",50,"XY.YandZ","Wrong",NA,NA,"Adults"
"2",51,"XY.YandZ","Wrong",NA,NA,"Adults"
"2",52,"XY.YandZ","Wrong",NA,NA,"Adults"
"2",56,"XY.YandZ","Wrong",NA,NA,"Adults"
"2",57,"XY.YandZ","Wrong",NA,NA,"Adults"
"2",59,"XY.YandZ","Right",NA,NA,"Adults"
"2",61,"XY.YandZ","Wrong",NA,NA,"Adults"
"2",64,"XY.YandZ","Wrong",NA,NA,"Adults"
"2",65,"XY.YandZ","Wrong",NA,NA,"Adults"
"2",68,"XY.YandZ","Wrong",NA,NA,"Adults"
"2",72,"XY.YandZ","Wrong",NA,NA,"Adults"
"2",73,"XY.YandZ","Wrong",NA,NA,"Adults"
"2",76,"XY.YandZ","Wrong",NA,NA,"Adults"
"2",78,"XY.YandZ","Wrong",NA,NA,"Adults"
"2",79,"XY.YandZ","Wrong",NA,NA,"Adults"
"2",81,"XY.YandZ","Wrong",NA,NA,"Adults"
"2",83,"XY.YandZ","Wrong",NA,NA,"Adults"
"2",85,"XY.YandZ","Wrong",NA,NA,"Adults"
"2",87,"XY.YandZ","Wrong",NA,NA,"Adults"
"2",88,"XY.YandZ","Wrong",NA,NA,"Adults"
"2",91,"XY.YandZ","Wrong",NA,NA,"Adults"
"2",92,"XY.YandZ","Wrong",NA,NA,"Adults"
"2",94,"XY.YandZ","Wrong",NA,NA,"Adults"
"2",97,"XY.YandZ","Wrong",NA,NA,"Adults"
"2",99,"XY.YandZ","Wrong",NA,NA,"Adults"
"2",101,"XY.YandZ","Right",NA,NA,"Adults"
"2",103,"XY.YandZ","Wrong",NA,NA,"Adults"
"2",105,"XY.YandZ","Wrong",NA,NA,"Adults"
"2",106,"XY.YandZ","Wrong",NA,NA,"Adults"
"2",108,"XY.YandZ","Wrong",NA,NA,"Adults"
"2",1,"XY.XorY","Right",NA,NA,"Adults"
"2",2,"XY.XorY","Right",NA,NA,"Adults"
"2",3,"XY.XorY","Wrong",NA,NA,"Adults"
"2",4,"XY.XorY","Wrong",NA,NA,"Adults"
"2",5,"XY.XorY","Right",NA,NA,"Adults"
"2",6,"XY.XorY","Right",NA,NA,"Adults"
"2",7,"XY.XorY","Right",NA,NA,"Adults"
"2",8,"XY.XorY","Right",NA,NA,"Adults"
"2",10,"XY.XorY","Right",NA,NA,"Adults"
"2",14,"XY.XorY","Right",NA,NA,"Adults"
"2",16,"XY.XorY","Wrong",NA,NA,"Adults"
"2",20,"XY.XorY","Wrong",NA,NA,"Adults"
"2",22,"XY.XorY","Wrong",NA,NA,"Adults"
"2",24,"XY.XorY","Right",NA,NA,"Adults"
"2",26,"XY.XorY","Right",NA,NA,"Adults"
"2",29,"XY.XorY","Right",NA,NA,"Adults"
"2",30,"XY.XorY","Right",NA,NA,"Adults"
"2",34,"XY.XorY","Right",NA,NA,"Adults"
"2",39,"XY.XorY","Right",NA,NA,"Adults"
"2",40,"XY.XorY","Right",NA,NA,"Adults"
"2",41,"XY.XorY","Right",NA,NA,"Adults"
"2",42,"XY.XorY","Right",NA,NA,"Adults"
"2",43,"XY.XorY","Right",NA,NA,"Adults"
"2",44,"XY.XorY","Right",NA,NA,"Adults"
"2",45,"XY.XorY","Right",NA,NA,"Adults"
"2",47,"XY.XorY","Right",NA,NA,"Adults"
"2",48,"XY.XorY","Right",NA,NA,"Adults"
"2",50,"XY.XorY","Wrong",NA,NA,"Adults"
"2",51,"XY.XorY","Right",NA,NA,"Adults"
"2",52,"XY.XorY","Right",NA,NA,"Adults"
"2",56,"XY.XorY","Right",NA,NA,"Adults"
"2",57,"XY.XorY","Right",NA,NA,"Adults"
"2",59,"XY.XorY","Right",NA,NA,"Adults"
"2",61,"XY.XorY","Right",NA,NA,"Adults"
"2",64,"XY.XorY","Right",NA,NA,"Adults"
"2",65,"XY.XorY","Right",NA,NA,"Adults"
"2",68,"XY.XorY","Right",NA,NA,"Adults"
"2",72,"XY.XorY","Right",NA,NA,"Adults"
"2",73,"XY.XorY","Right",NA,NA,"Adults"
"2",76,"XY.XorY","Right",NA,NA,"Adults"
"2",78,"XY.XorY","Right",NA,NA,"Adults"
"2",79,"XY.XorY","Right",NA,NA,"Adults"
"2",81,"XY.XorY","Right",NA,NA,"Adults"
"2",83,"XY.XorY","Right",NA,NA,"Adults"
"2",85,"XY.XorY","Wrong",NA,NA,"Adults"
"2",87,"XY.XorY","Right",NA,NA,"Adults"
"2",88,"XY.XorY","Right",NA,NA,"Adults"
"2",91,"XY.XorY","Right",NA,NA,"Adults"
"2",92,"XY.XorY","Right",NA,NA,"Adults"
"2",94,"XY.XorY","Wrong",NA,NA,"Adults"
"2",97,"XY.XorY","Wrong",NA,NA,"Adults"
"2",99,"XY.XorY","Wrong",NA,NA,"Adults"
"2",101,"XY.XorY","Right",NA,NA,"Adults"
"2",103,"XY.XorY","Right",NA,NA,"Adults"
"2",105,"XY.XorY","Right",NA,NA,"Adults"
"2",106,"XY.XorY","Right",NA,NA,"Adults"
"2",108,"XY.XorY","Right",NA,NA,"Adults"
"2",1,"XY.YorZ","Right",NA,NA,"Adults"
"2",2,"XY.YorZ","Right",NA,NA,"Adults"
"2",3,"XY.YorZ","Right",NA,NA,"Adults"
"2",4,"XY.YorZ","Right",NA,NA,"Adults"
"2",5,"XY.YorZ","Right",NA,NA,"Adults"
"2",6,"XY.YorZ","Right",NA,NA,"Adults"
"2",7,"XY.YorZ","Right",NA,NA,"Adults"
"2",8,"XY.YorZ","Right",NA,NA,"Adults"
"2",10,"XY.YorZ","Right",NA,NA,"Adults"
"2",14,"XY.YorZ","Right",NA,NA,"Adults"
"2",16,"XY.YorZ","Right",NA,NA,"Adults"
"2",20,"XY.YorZ","Wrong",NA,NA,"Adults"
"2",22,"XY.YorZ","Right",NA,NA,"Adults"
"2",24,"XY.YorZ","Right",NA,NA,"Adults"
"2",26,"XY.YorZ","Right",NA,NA,"Adults"
"2",29,"XY.YorZ","Right",NA,NA,"Adults"
"2",30,"XY.YorZ","Right",NA,NA,"Adults"
"2",34,"XY.YorZ","Right",NA,NA,"Adults"
"2",39,"XY.YorZ","Right",NA,NA,"Adults"
"2",40,"XY.YorZ","Right",NA,NA,"Adults"
"2",41,"XY.YorZ","Right",NA,NA,"Adults"
"2",42,"XY.YorZ","Right",NA,NA,"Adults"
"2",43,"XY.YorZ","Right",NA,NA,"Adults"
"2",44,"XY.YorZ","Right",NA,NA,"Adults"
"2",45,"XY.YorZ","Right",NA,NA,"Adults"
"2",47,"XY.YorZ","Right",NA,NA,"Adults"
"2",48,"XY.YorZ","Right",NA,NA,"Adults"
"2",50,"XY.YorZ","Wrong",NA,NA,"Adults"
"2",51,"XY.YorZ","Right",NA,NA,"Adults"
"2",52,"XY.YorZ","Right",NA,NA,"Adults"
"2",56,"XY.YorZ","Right",NA,NA,"Adults"
"2",57,"XY.YorZ","Right",NA,NA,"Adults"
"2",59,"XY.YorZ","Right",NA,NA,"Adults"
"2",61,"XY.YorZ","Right",NA,NA,"Adults"
"2",64,"XY.YorZ","Right",NA,NA,"Adults"
"2",65,"XY.YorZ","Right",NA,NA,"Adults"
"2",68,"XY.YorZ","Right",NA,NA,"Adults"
"2",72,"XY.YorZ","Right",NA,NA,"Adults"
"2",73,"XY.YorZ","Wrong",NA,NA,"Adults"
"2",76,"XY.YorZ","Right",NA,NA,"Adults"
"2",78,"XY.YorZ","Wrong",NA,NA,"Adults"
"2",79,"XY.YorZ","Right",NA,NA,"Adults"
"2",81,"XY.YorZ","Right",NA,NA,"Adults"
"2",83,"XY.YorZ","Right",NA,NA,"Adults"
"2",85,"XY.YorZ","Right",NA,NA,"Adults"
"2",87,"XY.YorZ","Wrong",NA,NA,"Adults"
"2",88,"XY.YorZ","Right",NA,NA,"Adults"
"2",91,"XY.YorZ","Right",NA,NA,"Adults"
"2",92,"XY.YorZ","Right",NA,NA,"Adults"
"2",94,"XY.YorZ","Right",NA,NA,"Adults"
"2",97,"XY.YorZ","Right",NA,NA,"Adults"
"2",99,"XY.YorZ","Wrong",NA,NA,"Adults"
"2",101,"XY.YorZ","Right",NA,NA,"Adults"
"2",103,"XY.YorZ","Right",NA,NA,"Adults"
"2",105,"XY.YorZ","Wrong",NA,NA,"Adults"
"2",106,"XY.YorZ","Right",NA,NA,"Adults"
"2",108,"XY.YorZ","Right",NA,NA,"Adults"
"2",1,"XY.Z","Wrong",NA,NA,"Adults"
"2",2,"XY.Z","Wrong",NA,NA,"Adults"
"2",3,"XY.Z","Wrong",NA,NA,"Adults"
"2",4,"XY.Z","Wrong",NA,NA,"Adults"
"2",5,"XY.Z","Wrong",NA,NA,"Adults"
"2",6,"XY.Z","Wrong",NA,NA,"Adults"
"2",7,"XY.Z","Wrong",NA,NA,"Adults"
"2",8,"XY.Z","Wrong",NA,NA,"Adults"
"2",10,"XY.Z","Wrong",NA,NA,"Adults"
"2",14,"XY.Z","Wrong",NA,NA,"Adults"
"2",16,"XY.Z","Wrong",NA,NA,"Adults"
"2",20,"XY.Z","Wrong",NA,NA,"Adults"
"2",22,"XY.Z","Wrong",NA,NA,"Adults"
"2",24,"XY.Z","Wrong",NA,NA,"Adults"
"2",26,"XY.Z","Wrong",NA,NA,"Adults"
"2",29,"XY.Z","Wrong",NA,NA,"Adults"
"2",30,"XY.Z","Wrong",NA,NA,"Adults"
"2",34,"XY.Z","Wrong",NA,NA,"Adults"
"2",39,"XY.Z","Wrong",NA,NA,"Adults"
"2",40,"XY.Z","Wrong",NA,NA,"Adults"
"2",41,"XY.Z","Wrong",NA,NA,"Adults"
"2",42,"XY.Z","Wrong",NA,NA,"Adults"
"2",43,"XY.Z","Wrong",NA,NA,"Adults"
"2",44,"XY.Z","Wrong",NA,NA,"Adults"
"2",45,"XY.Z","Wrong",NA,NA,"Adults"
"2",47,"XY.Z","Wrong",NA,NA,"Adults"
"2",48,"XY.Z","Wrong",NA,NA,"Adults"
"2",50,"XY.Z","Wrong",NA,NA,"Adults"
"2",51,"XY.Z","Wrong",NA,NA,"Adults"
"2",52,"XY.Z","Wrong",NA,NA,"Adults"
"2",56,"XY.Z","Wrong",NA,NA,"Adults"
"2",57,"XY.Z","Wrong",NA,NA,"Adults"
"2",59,"XY.Z","Wrong",NA,NA,"Adults"
"2",61,"XY.Z","Wrong",NA,NA,"Adults"
"2",64,"XY.Z","Wrong",NA,NA,"Adults"
"2",65,"XY.Z","Wrong",NA,NA,"Adults"
"2",68,"XY.Z","Wrong",NA,NA,"Adults"
"2",72,"XY.Z","Wrong",NA,NA,"Adults"
"2",73,"XY.Z","Wrong",NA,NA,"Adults"
"2",76,"XY.Z","Wrong",NA,NA,"Adults"
"2",78,"XY.Z","Wrong",NA,NA,"Adults"
"2",79,"XY.Z","Wrong",NA,NA,"Adults"
"2",81,"XY.Z","Wrong",NA,NA,"Adults"
"2",83,"XY.Z","Wrong",NA,NA,"Adults"
"2",85,"XY.Z","Wrong",NA,NA,"Adults"
"2",87,"XY.Z","Wrong",NA,NA,"Adults"
"2",88,"XY.Z","Wrong",NA,NA,"Adults"
"2",91,"XY.Z","Wrong",NA,NA,"Adults"
"2",92,"XY.Z","Wrong",NA,NA,"Adults"
"2",94,"XY.Z","Wrong",NA,NA,"Adults"
"2",97,"XY.Z","Wrong",NA,NA,"Adults"
"2",99,"XY.Z","Wrong",NA,NA,"Adults"
"2",101,"XY.Z","Wrong",NA,NA,"Adults"
"2",103,"XY.Z","Wrong",NA,NA,"Adults"
"2",105,"XY.Z","Wrong",NA,NA,"Adults"
"2",106,"XY.Z","Wrong",NA,NA,"Adults"
"2",108,"XY.Z","Wrong",NA,NA,"Adults"
"2",1,"XY.X","Right",NA,NA,"Adults"
"2",2,"XY.X","Right",NA,NA,"Adults"
"2",3,"XY.X","Right",NA,NA,"Adults"
"2",4,"XY.X","Right",NA,NA,"Adults"
"2",5,"XY.X","Right",NA,NA,"Adults"
"2",6,"XY.X","Right",NA,NA,"Adults"
"2",7,"XY.X","Right",NA,NA,"Adults"
"2",8,"XY.X","Right",NA,NA,"Adults"
"2",10,"XY.X","Right",NA,NA,"Adults"
"2",14,"XY.X","Right",NA,NA,"Adults"
"2",16,"XY.X","Right",NA,NA,"Adults"
"2",20,"XY.X","Wrong",NA,NA,"Adults"
"2",22,"XY.X","Right",NA,NA,"Adults"
"2",24,"XY.X","Right",NA,NA,"Adults"
"2",26,"XY.X","Right",NA,NA,"Adults"
"2",29,"XY.X","Right",NA,NA,"Adults"
"2",30,"XY.X","Right",NA,NA,"Adults"
"2",34,"XY.X","Right",NA,NA,"Adults"
"2",39,"XY.X","Right",NA,NA,"Adults"
"2",40,"XY.X","Right",NA,NA,"Adults"
"2",41,"XY.X","Wrong",NA,NA,"Adults"
"2",42,"XY.X","Right",NA,NA,"Adults"
"2",43,"XY.X","Right",NA,NA,"Adults"
"2",44,"XY.X","Right",NA,NA,"Adults"
"2",45,"XY.X","Right",NA,NA,"Adults"
"2",47,"XY.X","Right",NA,NA,"Adults"
"2",48,"XY.X","Right",NA,NA,"Adults"
"2",50,"XY.X","Wrong",NA,NA,"Adults"
"2",51,"XY.X","Right",NA,NA,"Adults"
"2",52,"XY.X","Right",NA,NA,"Adults"
"2",56,"XY.X","Right",NA,NA,"Adults"
"2",57,"XY.X","Right",NA,NA,"Adults"
"2",59,"XY.X","Right",NA,NA,"Adults"
"2",61,"XY.X","Right",NA,NA,"Adults"
"2",64,"XY.X","Right",NA,NA,"Adults"
"2",65,"XY.X","Right",NA,NA,"Adults"
"2",68,"XY.X","Right",NA,NA,"Adults"
"2",72,"XY.X","Right",NA,NA,"Adults"
"2",73,"XY.X","Right",NA,NA,"Adults"
"2",76,"XY.X","Wrong",NA,NA,"Adults"
"2",78,"XY.X","Right",NA,NA,"Adults"
"2",79,"XY.X","Right",NA,NA,"Adults"
"2",81,"XY.X","Right",NA,NA,"Adults"
"2",83,"XY.X","Right",NA,NA,"Adults"
"2",85,"XY.X","Right",NA,NA,"Adults"
"2",87,"XY.X","Right",NA,NA,"Adults"
"2",88,"XY.X","Right",NA,NA,"Adults"
"2",91,"XY.X","Right",NA,NA,"Adults"
"2",92,"XY.X","Right",NA,NA,"Adults"
"2",94,"XY.X","Right",NA,NA,"Adults"
"2",97,"XY.X","Right",NA,NA,"Adults"
"2",99,"XY.X","Wrong",NA,NA,"Adults"
"2",101,"XY.X","Right",NA,NA,"Adults"
"2",103,"XY.X","Right",NA,NA,"Adults"
"2",105,"XY.X","Right",NA,NA,"Adults"
"2",106,"XY.X","Right",NA,NA,"Adults"
"2",108,"XY.X","Right",NA,NA,"Adults"
"3",9,"X.X","Right",NA,NA,"Adults"
"3",11,"X.X","Right",NA,NA,"Adults"
"3",12,"X.X","Right",NA,NA,"Adults"
"3",13,"X.X","Right",NA,NA,"Adults"
"3",15,"X.X","Right",NA,NA,"Adults"
"3",17,"X.X","Right",NA,NA,"Adults"
"3",18,"X.X","Right",NA,NA,"Adults"
"3",19,"X.X","Right",NA,NA,"Adults"
"3",21,"X.X","Right",NA,NA,"Adults"
"3",23,"X.X","Right",NA,NA,"Adults"
"3",25,"X.X","Right",NA,NA,"Adults"
"3",27,"X.X","Right",NA,NA,"Adults"
"3",28,"X.X","Right",NA,NA,"Adults"
"3",31,"X.X","Right",NA,NA,"Adults"
"3",32,"X.X","Right",NA,NA,"Adults"
"3",33,"X.X","Right",NA,NA,"Adults"
"3",35,"X.X","Right",NA,NA,"Adults"
"3",36,"X.X","Right",NA,NA,"Adults"
"3",37,"X.X","Right",NA,NA,"Adults"
"3",38,"X.X","Right",NA,NA,"Adults"
"3",46,"X.X","Right",NA,NA,"Adults"
"3",49,"X.X","Right",NA,NA,"Adults"
"3",53,"X.X","Right",NA,NA,"Adults"
"3",54,"X.X","Right",NA,NA,"Adults"
"3",55,"X.X","Right",NA,NA,"Adults"
"3",58,"X.X","Right",NA,NA,"Adults"
"3",60,"X.X","Right",NA,NA,"Adults"
"3",62,"X.X","Right",NA,NA,"Adults"
"3",63,"X.X","Right",NA,NA,"Adults"
"3",66,"X.X","Right",NA,NA,"Adults"
"3",67,"X.X","Right",NA,NA,"Adults"
"3",69,"X.X","Right",NA,NA,"Adults"
"3",70,"X.X","Right",NA,NA,"Adults"
"3",71,"X.X","Right",NA,NA,"Adults"
"3",74,"X.X","Right",NA,NA,"Adults"
"3",75,"X.X","Right",NA,NA,"Adults"
"3",77,"X.X","Right",NA,NA,"Adults"
"3",80,"X.X","Right",NA,NA,"Adults"
"3",82,"X.X","Right",NA,NA,"Adults"
"3",84,"X.X","Right",NA,NA,"Adults"
"3",86,"X.X","Right",NA,NA,"Adults"
"3",89,"X.X","Right",NA,NA,"Adults"
"3",90,"X.X","Right",NA,NA,"Adults"
"3",93,"X.X","Right",NA,NA,"Adults"
"3",95,"X.X","Right",NA,NA,"Adults"
"3",96,"X.X","Right",NA,NA,"Adults"
"3",98,"X.X","Right",NA,NA,"Adults"
"3",100,"X.X","Right",NA,NA,"Adults"
"3",102,"X.X","Right",NA,NA,"Adults"
"3",104,"X.X","Right",NA,NA,"Adults"
"3",107,"X.X","Right",NA,NA,"Adults"
"3",109,"X.X","Right",NA,NA,"Adults"
"3",9,"XY.XandY","Right",NA,NA,"Adults"
"3",11,"XY.XandY","Right",NA,NA,"Adults"
"3",12,"XY.XandY","Right",NA,NA,"Adults"
"3",13,"XY.XandY","Right",NA,NA,"Adults"
"3",15,"XY.XandY","Right",NA,NA,"Adults"
"3",17,"XY.XandY","Right",NA,NA,"Adults"
"3",18,"XY.XandY","Right",NA,NA,"Adults"
"3",19,"XY.XandY","Right",NA,NA,"Adults"
"3",21,"XY.XandY","Right",NA,NA,"Adults"
"3",23,"XY.XandY","Right",NA,NA,"Adults"
"3",25,"XY.XandY","Right",NA,NA,"Adults"
"3",27,"XY.XandY","Right",NA,NA,"Adults"
"3",28,"XY.XandY","Right",NA,NA,"Adults"
"3",31,"XY.XandY","Right",NA,NA,"Adults"
"3",32,"XY.XandY","Right",NA,NA,"Adults"
"3",33,"XY.XandY","Right",NA,NA,"Adults"
"3",35,"XY.XandY","Right",NA,NA,"Adults"
"3",36,"XY.XandY","Right",NA,NA,"Adults"
"3",37,"XY.XandY","Right",NA,NA,"Adults"
"3",38,"XY.XandY","Right",NA,NA,"Adults"
"3",46,"XY.XandY","Right",NA,NA,"Adults"
"3",49,"XY.XandY","Right",NA,NA,"Adults"
"3",53,"XY.XandY","Right",NA,NA,"Adults"
"3",54,"XY.XandY","Right",NA,NA,"Adults"
"3",55,"XY.XandY","Right",NA,NA,"Adults"
"3",58,"XY.XandY","Right",NA,NA,"Adults"
"3",60,"XY.XandY","Right",NA,NA,"Adults"
"3",62,"XY.XandY","Right",NA,NA,"Adults"
"3",63,"XY.XandY","Right",NA,NA,"Adults"
"3",66,"XY.XandY","Right",NA,NA,"Adults"
"3",67,"XY.XandY","Right",NA,NA,"Adults"
"3",69,"XY.XandY","Right",NA,NA,"Adults"
"3",70,"XY.XandY","Right",NA,NA,"Adults"
"3",71,"XY.XandY","Right",NA,NA,"Adults"
"3",74,"XY.XandY","Right",NA,NA,"Adults"
"3",75,"XY.XandY","Right",NA,NA,"Adults"
"3",77,"XY.XandY","Right",NA,NA,"Adults"
"3",80,"XY.XandY","Right",NA,NA,"Adults"
"3",82,"XY.XandY","Right",NA,NA,"Adults"
"3",84,"XY.XandY","Right",NA,NA,"Adults"
"3",86,"XY.XandY","Right",NA,NA,"Adults"
"3",89,"XY.XandY","Right",NA,NA,"Adults"
"3",90,"XY.XandY","Right",NA,NA,"Adults"
"3",93,"XY.XandY","Right",NA,NA,"Adults"
"3",95,"XY.XandY","Right",NA,NA,"Adults"
"3",96,"XY.XandY","Right",NA,NA,"Adults"
"3",98,"XY.XandY","Right",NA,NA,"Adults"
"3",100,"XY.XandY","Right",NA,NA,"Adults"
"3",102,"XY.XandY","Right",NA,NA,"Adults"
"3",104,"XY.XandY","Right",NA,NA,"Adults"
"3",107,"XY.XandY","Right",NA,NA,"Adults"
"3",109,"XY.XandY","Right",NA,NA,"Adults"
"3",9,"X.Y","Wrong",NA,NA,"Adults"
"3",11,"X.Y","Wrong",NA,NA,"Adults"
"3",12,"X.Y","Wrong",NA,NA,"Adults"
"3",13,"X.Y","Wrong",NA,NA,"Adults"
"3",15,"X.Y","Wrong",NA,NA,"Adults"
"3",17,"X.Y","Wrong",NA,NA,"Adults"
"3",18,"X.Y","Wrong",NA,NA,"Adults"
"3",19,"X.Y","Wrong",NA,NA,"Adults"
"3",21,"X.Y","Wrong",NA,NA,"Adults"
"3",23,"X.Y","Wrong",NA,NA,"Adults"
"3",25,"X.Y","Wrong",NA,NA,"Adults"
"3",27,"X.Y","Wrong",NA,NA,"Adults"
"3",28,"X.Y","Wrong",NA,NA,"Adults"
"3",31,"X.Y","Right",NA,NA,"Adults"
"3",32,"X.Y","Wrong",NA,NA,"Adults"
"3",33,"X.Y","Wrong",NA,NA,"Adults"
"3",35,"X.Y","Wrong",NA,NA,"Adults"
"3",36,"X.Y","Wrong",NA,NA,"Adults"
"3",37,"X.Y","Wrong",NA,NA,"Adults"
"3",38,"X.Y","Wrong",NA,NA,"Adults"
"3",46,"X.Y","Wrong",NA,NA,"Adults"
"3",49,"X.Y","Wrong",NA,NA,"Adults"
"3",53,"X.Y","Wrong",NA,NA,"Adults"
"3",54,"X.Y","Wrong",NA,NA,"Adults"
"3",55,"X.Y","Wrong",NA,NA,"Adults"
"3",58,"X.Y","Wrong",NA,NA,"Adults"
"3",60,"X.Y","Wrong",NA,NA,"Adults"
"3",62,"X.Y","Wrong",NA,NA,"Adults"
"3",63,"X.Y","Wrong",NA,NA,"Adults"
"3",66,"X.Y","Wrong",NA,NA,"Adults"
"3",67,"X.Y","Wrong",NA,NA,"Adults"
"3",69,"X.Y","Wrong",NA,NA,"Adults"
"3",70,"X.Y","Wrong",NA,NA,"Adults"
"3",71,"X.Y","Wrong",NA,NA,"Adults"
"3",74,"X.Y","Wrong",NA,NA,"Adults"
"3",75,"X.Y","Wrong",NA,NA,"Adults"
"3",77,"X.Y","Wrong",NA,NA,"Adults"
"3",80,"X.Y","Wrong",NA,NA,"Adults"
"3",82,"X.Y","Wrong",NA,NA,"Adults"
"3",84,"X.Y","Wrong",NA,NA,"Adults"
"3",86,"X.Y","Wrong",NA,NA,"Adults"
"3",89,"X.Y","Wrong",NA,NA,"Adults"
"3",90,"X.Y","Wrong",NA,NA,"Adults"
"3",93,"X.Y","Wrong",NA,NA,"Adults"
"3",95,"X.Y","Wrong",NA,NA,"Adults"
"3",96,"X.Y","Wrong",NA,NA,"Adults"
"3",98,"X.Y","Wrong",NA,NA,"Adults"
"3",100,"X.Y","Wrong",NA,NA,"Adults"
"3",102,"X.Y","Wrong",NA,NA,"Adults"
"3",104,"X.Y","Wrong",NA,NA,"Adults"
"3",107,"X.Y","Wrong",NA,NA,"Adults"
"3",109,"X.Y","Wrong",NA,NA,"Adults"
"3",9,"X.XandY","Wrong",NA,NA,"Adults"
"3",11,"X.XandY","Kinda Right",NA,NA,"Adults"
"3",12,"X.XandY","Wrong",NA,NA,"Adults"
"3",13,"X.XandY","Wrong",NA,NA,"Adults"
"3",15,"X.XandY","Kinda Right",NA,NA,"Adults"
"3",17,"X.XandY","Kinda Right",NA,NA,"Adults"
"3",18,"X.XandY","Wrong",NA,NA,"Adults"
"3",19,"X.XandY","Wrong",NA,NA,"Adults"
"3",21,"X.XandY","Wrong",NA,NA,"Adults"
"3",23,"X.XandY","Wrong",NA,NA,"Adults"
"3",25,"X.XandY","Wrong",NA,NA,"Adults"
"3",27,"X.XandY","Kinda Right",NA,NA,"Adults"
"3",28,"X.XandY","Wrong",NA,NA,"Adults"
"3",31,"X.XandY","Kinda Right",NA,NA,"Adults"
"3",32,"X.XandY","Wrong",NA,NA,"Adults"
"3",33,"X.XandY","Wrong",NA,NA,"Adults"
"3",35,"X.XandY","Kinda Right",NA,NA,"Adults"
"3",36,"X.XandY","Kinda Right",NA,NA,"Adults"
"3",37,"X.XandY","Wrong",NA,NA,"Adults"
"3",38,"X.XandY","Kinda Right",NA,NA,"Adults"
"3",46,"X.XandY","Wrong",NA,NA,"Adults"
"3",49,"X.XandY","Kinda Right",NA,NA,"Adults"
"3",53,"X.XandY","Wrong",NA,NA,"Adults"
"3",54,"X.XandY","Wrong",NA,NA,"Adults"
"3",55,"X.XandY","Wrong",NA,NA,"Adults"
"3",58,"X.XandY","Wrong",NA,NA,"Adults"
"3",60,"X.XandY","Wrong",NA,NA,"Adults"
"3",62,"X.XandY","Kinda Right",NA,NA,"Adults"
"3",63,"X.XandY","Wrong",NA,NA,"Adults"
"3",66,"X.XandY","Wrong",NA,NA,"Adults"
"3",67,"X.XandY","Kinda Right",NA,NA,"Adults"
"3",69,"X.XandY","Wrong",NA,NA,"Adults"
"3",70,"X.XandY","Wrong",NA,NA,"Adults"
"3",71,"X.XandY","Wrong",NA,NA,"Adults"
"3",74,"X.XandY","Wrong",NA,NA,"Adults"
"3",75,"X.XandY","Wrong",NA,NA,"Adults"
"3",77,"X.XandY","Wrong",NA,NA,"Adults"
"3",80,"X.XandY","Kinda Right",NA,NA,"Adults"
"3",82,"X.XandY","Wrong",NA,NA,"Adults"
"3",84,"X.XandY","Kinda Right",NA,NA,"Adults"
"3",86,"X.XandY","Wrong",NA,NA,"Adults"
"3",89,"X.XandY","Kinda Right",NA,NA,"Adults"
"3",90,"X.XandY","Wrong",NA,NA,"Adults"
"3",93,"X.XandY","Wrong",NA,NA,"Adults"
"3",95,"X.XandY","Wrong",NA,NA,"Adults"
"3",96,"X.XandY","Wrong",NA,NA,"Adults"
"3",98,"X.XandY","Kinda Right",NA,NA,"Adults"
"3",100,"X.XandY","Wrong",NA,NA,"Adults"
"3",102,"X.XandY","Wrong",NA,NA,"Adults"
"3",104,"X.XandY","Wrong",NA,NA,"Adults"
"3",107,"X.XandY","Kinda Right",NA,NA,"Adults"
"3",109,"X.XandY","Wrong",NA,NA,"Adults"
"3",9,"X.XorY","Right",NA,NA,"Adults"
"3",11,"X.XorY","Right",NA,NA,"Adults"
"3",12,"X.XorY","Right",NA,NA,"Adults"
"3",13,"X.XorY","Kinda Right",NA,NA,"Adults"
"3",15,"X.XorY","Right",NA,NA,"Adults"
"3",17,"X.XorY","Kinda Right",NA,NA,"Adults"
"3",18,"X.XorY","Right",NA,NA,"Adults"
"3",19,"X.XorY","Right",NA,NA,"Adults"
"3",21,"X.XorY","Right",NA,NA,"Adults"
"3",23,"X.XorY","Right",NA,NA,"Adults"
"3",25,"X.XorY","Kinda Right",NA,NA,"Adults"
"3",27,"X.XorY","Kinda Right",NA,NA,"Adults"
"3",28,"X.XorY","Right",NA,NA,"Adults"
"3",31,"X.XorY","Kinda Right",NA,NA,"Adults"
"3",32,"X.XorY","Right",NA,NA,"Adults"
"3",33,"X.XorY","Right",NA,NA,"Adults"
"3",35,"X.XorY","Kinda Right",NA,NA,"Adults"
"3",36,"X.XorY","Kinda Right",NA,NA,"Adults"
"3",37,"X.XorY","Right",NA,NA,"Adults"
"3",38,"X.XorY","Right",NA,NA,"Adults"
"3",46,"X.XorY","Right",NA,NA,"Adults"
"3",49,"X.XorY","Kinda Right",NA,NA,"Adults"
"3",53,"X.XorY","Right",NA,NA,"Adults"
"3",54,"X.XorY","Right",NA,NA,"Adults"
"3",55,"X.XorY","Right",NA,NA,"Adults"
"3",58,"X.XorY","Right",NA,NA,"Adults"
"3",60,"X.XorY","Kinda Right",NA,NA,"Adults"
"3",62,"X.XorY","Kinda Right",NA,NA,"Adults"
"3",63,"X.XorY","Kinda Right",NA,NA,"Adults"
"3",66,"X.XorY","Kinda Right",NA,NA,"Adults"
"3",67,"X.XorY","Right",NA,NA,"Adults"
"3",69,"X.XorY","Right",NA,NA,"Adults"
"3",70,"X.XorY","Kinda Right",NA,NA,"Adults"
"3",71,"X.XorY","Kinda Right",NA,NA,"Adults"
"3",74,"X.XorY","Right",NA,NA,"Adults"
"3",75,"X.XorY","Right",NA,NA,"Adults"
"3",77,"X.XorY","Right",NA,NA,"Adults"
"3",80,"X.XorY","Right",NA,NA,"Adults"
"3",82,"X.XorY","Kinda Right",NA,NA,"Adults"
"3",84,"X.XorY","Right",NA,NA,"Adults"
"3",86,"X.XorY","Right",NA,NA,"Adults"
"3",89,"X.XorY","Right",NA,NA,"Adults"
"3",90,"X.XorY","Right",NA,NA,"Adults"
"3",93,"X.XorY","Kinda Right",NA,NA,"Adults"
"3",95,"X.XorY","Right",NA,NA,"Adults"
"3",96,"X.XorY","Right",NA,NA,"Adults"
"3",98,"X.XorY","Kinda Right",NA,NA,"Adults"
"3",100,"X.XorY","Kinda Right",NA,NA,"Adults"
"3",102,"X.XorY","Right",NA,NA,"Adults"
"3",104,"X.XorY","Right",NA,NA,"Adults"
"3",107,"X.XorY","Kinda Right",NA,NA,"Adults"
"3",109,"X.XorY","Right",NA,NA,"Adults"
"3",9,"X.YorZ","Wrong",NA,NA,"Adults"
"3",11,"X.YorZ","Wrong",NA,NA,"Adults"
"3",12,"X.YorZ","Wrong",NA,NA,"Adults"
"3",13,"X.YorZ","Wrong",NA,NA,"Adults"
"3",15,"X.YorZ","Wrong",NA,NA,"Adults"
"3",17,"X.YorZ","Wrong",NA,NA,"Adults"
"3",18,"X.YorZ","Wrong",NA,NA,"Adults"
"3",19,"X.YorZ","Wrong",NA,NA,"Adults"
"3",21,"X.YorZ","Wrong",NA,NA,"Adults"
"3",23,"X.YorZ","Wrong",NA,NA,"Adults"
"3",25,"X.YorZ","Wrong",NA,NA,"Adults"
"3",27,"X.YorZ","Wrong",NA,NA,"Adults"
"3",28,"X.YorZ","Wrong",NA,NA,"Adults"
"3",31,"X.YorZ","Wrong",NA,NA,"Adults"
"3",32,"X.YorZ","Wrong",NA,NA,"Adults"
"3",33,"X.YorZ","Wrong",NA,NA,"Adults"
"3",35,"X.YorZ","Wrong",NA,NA,"Adults"
"3",36,"X.YorZ","Wrong",NA,NA,"Adults"
"3",37,"X.YorZ","Wrong",NA,NA,"Adults"
"3",38,"X.YorZ","Wrong",NA,NA,"Adults"
"3",46,"X.YorZ","Wrong",NA,NA,"Adults"
"3",49,"X.YorZ","Wrong",NA,NA,"Adults"
"3",53,"X.YorZ","Wrong",NA,NA,"Adults"
"3",54,"X.YorZ","Wrong",NA,NA,"Adults"
"3",55,"X.YorZ","Wrong",NA,NA,"Adults"
"3",58,"X.YorZ","Wrong",NA,NA,"Adults"
"3",60,"X.YorZ","Wrong",NA,NA,"Adults"
"3",62,"X.YorZ","Wrong",NA,NA,"Adults"
"3",63,"X.YorZ","Wrong",NA,NA,"Adults"
"3",66,"X.YorZ","Wrong",NA,NA,"Adults"
"3",67,"X.YorZ","Wrong",NA,NA,"Adults"
"3",69,"X.YorZ","Wrong",NA,NA,"Adults"
"3",70,"X.YorZ","Wrong",NA,NA,"Adults"
"3",71,"X.YorZ","Wrong",NA,NA,"Adults"
"3",74,"X.YorZ","Wrong",NA,NA,"Adults"
"3",75,"X.YorZ","Wrong",NA,NA,"Adults"
"3",77,"X.YorZ","Wrong",NA,NA,"Adults"
"3",80,"X.YorZ","Wrong",NA,NA,"Adults"
"3",82,"X.YorZ","Wrong",NA,NA,"Adults"
"3",84,"X.YorZ","Wrong",NA,NA,"Adults"
"3",86,"X.YorZ","Wrong",NA,NA,"Adults"
"3",89,"X.YorZ","Wrong",NA,NA,"Adults"
"3",90,"X.YorZ","Wrong",NA,NA,"Adults"
"3",93,"X.YorZ","Wrong",NA,NA,"Adults"
"3",95,"X.YorZ","Wrong",NA,NA,"Adults"
"3",96,"X.YorZ","Wrong",NA,NA,"Adults"
"3",98,"X.YorZ","Wrong",NA,NA,"Adults"
"3",100,"X.YorZ","Wrong",NA,NA,"Adults"
"3",102,"X.YorZ","Wrong",NA,NA,"Adults"
"3",104,"X.YorZ","Wrong",NA,NA,"Adults"
"3",107,"X.YorZ","Wrong",NA,NA,"Adults"
"3",109,"X.YorZ","Wrong",NA,NA,"Adults"
"3",9,"XY.YandZ","Kinda Right",NA,NA,"Adults"
"3",11,"XY.YandZ","Kinda Right",NA,NA,"Adults"
"3",12,"XY.YandZ","Wrong",NA,NA,"Adults"
"3",13,"XY.YandZ","Kinda Right",NA,NA,"Adults"
"3",15,"XY.YandZ","Kinda Right",NA,NA,"Adults"
"3",17,"XY.YandZ","Kinda Right",NA,NA,"Adults"
"3",18,"XY.YandZ","Wrong",NA,NA,"Adults"
"3",19,"XY.YandZ","Kinda Right",NA,NA,"Adults"
"3",21,"XY.YandZ","Kinda Right",NA,NA,"Adults"
"3",23,"XY.YandZ","Wrong",NA,NA,"Adults"
"3",25,"XY.YandZ","Kinda Right",NA,NA,"Adults"
"3",27,"XY.YandZ","Kinda Right",NA,NA,"Adults"
"3",28,"XY.YandZ","Kinda Right",NA,NA,"Adults"
"3",31,"XY.YandZ","Kinda Right",NA,NA,"Adults"
"3",32,"XY.YandZ","Wrong",NA,NA,"Adults"
"3",33,"XY.YandZ","Wrong",NA,NA,"Adults"
"3",35,"XY.YandZ","Kinda Right",NA,NA,"Adults"
"3",36,"XY.YandZ","Kinda Right",NA,NA,"Adults"
"3",37,"XY.YandZ","Wrong",NA,NA,"Adults"
"3",38,"XY.YandZ","Wrong",NA,NA,"Adults"
"3",46,"XY.YandZ","Wrong",NA,NA,"Adults"
"3",49,"XY.YandZ","Kinda Right",NA,NA,"Adults"
"3",53,"XY.YandZ","Kinda Right",NA,NA,"Adults"
"3",54,"XY.YandZ","Kinda Right",NA,NA,"Adults"
"3",55,"XY.YandZ","Kinda Right",NA,NA,"Adults"
"3",58,"XY.YandZ","Kinda Right",NA,NA,"Adults"
"3",60,"XY.YandZ","Kinda Right",NA,NA,"Adults"
"3",62,"XY.YandZ","Kinda Right",NA,NA,"Adults"
"3",63,"XY.YandZ","Kinda Right",NA,NA,"Adults"
"3",66,"XY.YandZ","Kinda Right",NA,NA,"Adults"
"3",67,"XY.YandZ","Kinda Right",NA,NA,"Adults"
"3",69,"XY.YandZ","Kinda Right",NA,NA,"Adults"
"3",70,"XY.YandZ","Wrong",NA,NA,"Adults"
"3",71,"XY.YandZ","Kinda Right",NA,NA,"Adults"
"3",74,"XY.YandZ","Kinda Right",NA,NA,"Adults"
"3",75,"XY.YandZ","Kinda Right",NA,NA,"Adults"
"3",77,"XY.YandZ","Wrong",NA,NA,"Adults"
"3",80,"XY.YandZ","Kinda Right",NA,NA,"Adults"
"3",82,"XY.YandZ","Kinda Right",NA,NA,"Adults"
"3",84,"XY.YandZ","Kinda Right",NA,NA,"Adults"
"3",86,"XY.YandZ","Wrong",NA,NA,"Adults"
"3",89,"XY.YandZ","Kinda Right",NA,NA,"Adults"
"3",90,"XY.YandZ","Wrong",NA,NA,"Adults"
"3",93,"XY.YandZ","Wrong",NA,NA,"Adults"
"3",95,"XY.YandZ","Wrong",NA,NA,"Adults"
"3",96,"XY.YandZ","Wrong",NA,NA,"Adults"
"3",98,"XY.YandZ","Kinda Right",NA,NA,"Adults"
"3",100,"XY.YandZ","Kinda Right",NA,NA,"Adults"
"3",102,"XY.YandZ","Wrong",NA,NA,"Adults"
"3",104,"XY.YandZ","Wrong",NA,NA,"Adults"
"3",107,"XY.YandZ","Kinda Right",NA,NA,"Adults"
"3",109,"XY.YandZ","Wrong",NA,NA,"Adults"
"3",9,"XY.XorY","Kinda Right",NA,NA,"Adults"
"3",11,"XY.XorY","Kinda Right",NA,NA,"Adults"
"3",12,"XY.XorY","Kinda Right",NA,NA,"Adults"
"3",13,"XY.XorY","Right",NA,NA,"Adults"
"3",15,"XY.XorY","Right",NA,NA,"Adults"
"3",17,"XY.XorY","Kinda Right",NA,NA,"Adults"
"3",18,"XY.XorY","Kinda Right",NA,NA,"Adults"
"3",19,"XY.XorY","Right",NA,NA,"Adults"
"3",21,"XY.XorY","Right",NA,NA,"Adults"
"3",23,"XY.XorY","Kinda Right",NA,NA,"Adults"
"3",25,"XY.XorY","Kinda Right",NA,NA,"Adults"
"3",27,"XY.XorY","Right",NA,NA,"Adults"
"3",28,"XY.XorY","Kinda Right",NA,NA,"Adults"
"3",31,"XY.XorY","Right",NA,NA,"Adults"
"3",32,"XY.XorY","Kinda Right",NA,NA,"Adults"
"3",33,"XY.XorY","Right",NA,NA,"Adults"
"3",35,"XY.XorY","Right",NA,NA,"Adults"
"3",36,"XY.XorY","Kinda Right",NA,NA,"Adults"
"3",37,"XY.XorY","Kinda Right",NA,NA,"Adults"
"3",38,"XY.XorY","Kinda Right",NA,NA,"Adults"
"3",46,"XY.XorY","Kinda Right",NA,NA,"Adults"
"3",49,"XY.XorY","Right",NA,NA,"Adults"
"3",53,"XY.XorY","Right",NA,NA,"Adults"
"3",54,"XY.XorY","Right",NA,NA,"Adults"
"3",55,"XY.XorY","Right",NA,NA,"Adults"
"3",58,"XY.XorY","Kinda Right",NA,NA,"Adults"
"3",60,"XY.XorY","Right",NA,NA,"Adults"
"3",62,"XY.XorY","Kinda Right",NA,NA,"Adults"
"3",63,"XY.XorY","Kinda Right",NA,NA,"Adults"
"3",66,"XY.XorY","Kinda Right",NA,NA,"Adults"
"3",67,"XY.XorY","Kinda Right",NA,NA,"Adults"
"3",69,"XY.XorY","Kinda Right",NA,NA,"Adults"
"3",70,"XY.XorY","Right",NA,NA,"Adults"
"3",71,"XY.XorY","Right",NA,NA,"Adults"
"3",74,"XY.XorY","Kinda Right",NA,NA,"Adults"
"3",75,"XY.XorY","Kinda Right",NA,NA,"Adults"
"3",77,"XY.XorY","Kinda Right",NA,NA,"Adults"
"3",80,"XY.XorY","Kinda Right",NA,NA,"Adults"
"3",82,"XY.XorY","Kinda Right",NA,NA,"Adults"
"3",84,"XY.XorY","Right",NA,NA,"Adults"
"3",86,"XY.XorY","Kinda Right",NA,NA,"Adults"
"3",89,"XY.XorY","Kinda Right",NA,NA,"Adults"
"3",90,"XY.XorY","Kinda Right",NA,NA,"Adults"
"3",93,"XY.XorY","Right",NA,NA,"Adults"
"3",95,"XY.XorY","Right",NA,NA,"Adults"
"3",96,"XY.XorY","Kinda Right",NA,NA,"Adults"
"3",98,"XY.XorY","Right",NA,NA,"Adults"
"3",100,"XY.XorY","Kinda Right",NA,NA,"Adults"
"3",102,"XY.XorY","Kinda Right",NA,NA,"Adults"
"3",104,"XY.XorY","Kinda Right",NA,NA,"Adults"
"3",107,"XY.XorY","Kinda Right",NA,NA,"Adults"
"3",109,"XY.XorY","Right",NA,NA,"Adults"
"3",9,"XY.YorZ","Kinda Right",NA,NA,"Adults"
"3",11,"XY.YorZ","Right",NA,NA,"Adults"
"3",12,"XY.YorZ","Kinda Right",NA,NA,"Adults"
"3",13,"XY.YorZ","Kinda Right",NA,NA,"Adults"
"3",15,"XY.YorZ","Right",NA,NA,"Adults"
"3",17,"XY.YorZ","Wrong",NA,NA,"Adults"
"3",18,"XY.YorZ","Kinda Right",NA,NA,"Adults"
"3",19,"XY.YorZ","Kinda Right",NA,NA,"Adults"
"3",21,"XY.YorZ","Kinda Right",NA,NA,"Adults"
"3",23,"XY.YorZ","Kinda Right",NA,NA,"Adults"
"3",25,"XY.YorZ","Kinda Right",NA,NA,"Adults"
"3",27,"XY.YorZ","Kinda Right",NA,NA,"Adults"
"3",28,"XY.YorZ","Right",NA,NA,"Adults"
"3",31,"XY.YorZ","Kinda Right",NA,NA,"Adults"
"3",32,"XY.YorZ","Right",NA,NA,"Adults"
"3",33,"XY.YorZ","Right",NA,NA,"Adults"
"3",35,"XY.YorZ","Kinda Right",NA,NA,"Adults"
"3",36,"XY.YorZ","Kinda Right",NA,NA,"Adults"
"3",37,"XY.YorZ","Kinda Right",NA,NA,"Adults"
"3",38,"XY.YorZ","Kinda Right",NA,NA,"Adults"
"3",46,"XY.YorZ","Kinda Right",NA,NA,"Adults"
"3",49,"XY.YorZ","Kinda Right",NA,NA,"Adults"
"3",53,"XY.YorZ","Kinda Right",NA,NA,"Adults"
"3",54,"XY.YorZ","Right",NA,NA,"Adults"
"3",55,"XY.YorZ","Kinda Right",NA,NA,"Adults"
"3",58,"XY.YorZ","Right",NA,NA,"Adults"
"3",60,"XY.YorZ","Kinda Right",NA,NA,"Adults"
"3",62,"XY.YorZ","Kinda Right",NA,NA,"Adults"
"3",63,"XY.YorZ","Right",NA,NA,"Adults"
"3",66,"XY.YorZ","Kinda Right",NA,NA,"Adults"
"3",67,"XY.YorZ","Kinda Right",NA,NA,"Adults"
"3",69,"XY.YorZ","Kinda Right",NA,NA,"Adults"
"3",70,"XY.YorZ","Kinda Right",NA,NA,"Adults"
"3",71,"XY.YorZ","Kinda Right",NA,NA,"Adults"
"3",74,"XY.YorZ","Kinda Right",NA,NA,"Adults"
"3",75,"XY.YorZ","Kinda Right",NA,NA,"Adults"
"3",77,"XY.YorZ","Kinda Right",NA,NA,"Adults"
"3",80,"XY.YorZ","Kinda Right",NA,NA,"Adults"
"3",82,"XY.YorZ","Kinda Right",NA,NA,"Adults"
"3",84,"XY.YorZ","Right",NA,NA,"Adults"
"3",86,"XY.YorZ","Kinda Right",NA,NA,"Adults"
"3",89,"XY.YorZ","Right",NA,NA,"Adults"
"3",90,"XY.YorZ","Right",NA,NA,"Adults"
"3",93,"XY.YorZ","Kinda Right",NA,NA,"Adults"
"3",95,"XY.YorZ","Right",NA,NA,"Adults"
"3",96,"XY.YorZ","Kinda Right",NA,NA,"Adults"
"3",98,"XY.YorZ","Kinda Right",NA,NA,"Adults"
"3",100,"XY.YorZ","Kinda Right",NA,NA,"Adults"
"3",102,"XY.YorZ","Kinda Right",NA,NA,"Adults"
"3",104,"XY.YorZ","Kinda Right",NA,NA,"Adults"
"3",107,"XY.YorZ","Kinda Right",NA,NA,"Adults"
"3",109,"XY.YorZ","Kinda Right",NA,NA,"Adults"
"3",9,"XY.Z","Wrong",NA,NA,"Adults"
"3",11,"XY.Z","Wrong",NA,NA,"Adults"
"3",12,"XY.Z","Wrong",NA,NA,"Adults"
"3",13,"XY.Z","Wrong",NA,NA,"Adults"
"3",15,"XY.Z","Wrong",NA,NA,"Adults"
"3",17,"XY.Z","Wrong",NA,NA,"Adults"
"3",18,"XY.Z","Wrong",NA,NA,"Adults"
"3",19,"XY.Z","Wrong",NA,NA,"Adults"
"3",21,"XY.Z","Wrong",NA,NA,"Adults"
"3",23,"XY.Z","Wrong",NA,NA,"Adults"
"3",25,"XY.Z","Wrong",NA,NA,"Adults"
"3",27,"XY.Z","Wrong",NA,NA,"Adults"
"3",28,"XY.Z","Wrong",NA,NA,"Adults"
"3",31,"XY.Z","Wrong",NA,NA,"Adults"
"3",32,"XY.Z","Wrong",NA,NA,"Adults"
"3",33,"XY.Z","Wrong",NA,NA,"Adults"
"3",35,"XY.Z","Wrong",NA,NA,"Adults"
"3",36,"XY.Z","Wrong",NA,NA,"Adults"
"3",37,"XY.Z","Wrong",NA,NA,"Adults"
"3",38,"XY.Z","Wrong",NA,NA,"Adults"
"3",46,"XY.Z","Wrong",NA,NA,"Adults"
"3",49,"XY.Z","Wrong",NA,NA,"Adults"
"3",53,"XY.Z","Wrong",NA,NA,"Adults"
"3",54,"XY.Z","Wrong",NA,NA,"Adults"
"3",55,"XY.Z","Wrong",NA,NA,"Adults"
"3",58,"XY.Z","Wrong",NA,NA,"Adults"
"3",60,"XY.Z","Wrong",NA,NA,"Adults"
"3",62,"XY.Z","Wrong",NA,NA,"Adults"
"3",63,"XY.Z","Wrong",NA,NA,"Adults"
"3",66,"XY.Z","Wrong",NA,NA,"Adults"
"3",67,"XY.Z","Wrong",NA,NA,"Adults"
"3",69,"XY.Z","Wrong",NA,NA,"Adults"
"3",70,"XY.Z","Wrong",NA,NA,"Adults"
"3",71,"XY.Z","Wrong",NA,NA,"Adults"
"3",74,"XY.Z","Wrong",NA,NA,"Adults"
"3",75,"XY.Z","Wrong",NA,NA,"Adults"
"3",77,"XY.Z","Wrong",NA,NA,"Adults"
"3",80,"XY.Z","Wrong",NA,NA,"Adults"
"3",82,"XY.Z","Wrong",NA,NA,"Adults"
"3",84,"XY.Z","Wrong",NA,NA,"Adults"
"3",86,"XY.Z","Wrong",NA,NA,"Adults"
"3",89,"XY.Z","Wrong",NA,NA,"Adults"
"3",90,"XY.Z","Wrong",NA,NA,"Adults"
"3",93,"XY.Z","Wrong",NA,NA,"Adults"
"3",95,"XY.Z","Wrong",NA,NA,"Adults"
"3",96,"XY.Z","Wrong",NA,NA,"Adults"
"3",98,"XY.Z","Wrong",NA,NA,"Adults"
"3",100,"XY.Z","Wrong",NA,NA,"Adults"
"3",102,"XY.Z","Wrong",NA,NA,"Adults"
"3",104,"XY.Z","Wrong",NA,NA,"Adults"
"3",107,"XY.Z","Right",NA,NA,"Adults"
"3",109,"XY.Z","Wrong",NA,NA,"Adults"
"3",9,"XY.X","Kinda Right",NA,NA,"Adults"
"3",11,"XY.X","Kinda Right",NA,NA,"Adults"
"3",12,"XY.X","Kinda Right",NA,NA,"Adults"
"3",13,"XY.X","Kinda Right",NA,NA,"Adults"
"3",15,"XY.X","Right",NA,NA,"Adults"
"3",17,"XY.X","Kinda Right",NA,NA,"Adults"
"3",18,"XY.X","Kinda Right",NA,NA,"Adults"
"3",19,"XY.X","Kinda Right",NA,NA,"Adults"
"3",21,"XY.X","Right",NA,NA,"Adults"
"3",23,"XY.X","Right",NA,NA,"Adults"
"3",25,"XY.X","Kinda Right",NA,NA,"Adults"
"3",27,"XY.X","Kinda Right",NA,NA,"Adults"
"3",28,"XY.X","Right",NA,NA,"Adults"
"3",31,"XY.X","Kinda Right",NA,NA,"Adults"
"3",32,"XY.X","Right",NA,NA,"Adults"
"3",33,"XY.X","Right",NA,NA,"Adults"
"3",35,"XY.X","Kinda Right",NA,NA,"Adults"
"3",36,"XY.X","Kinda Right",NA,NA,"Adults"
"3",37,"XY.X","Right",NA,NA,"Adults"
"3",38,"XY.X","Right",NA,NA,"Adults"
"3",46,"XY.X","Right",NA,NA,"Adults"
"3",49,"XY.X","Kinda Right",NA,NA,"Adults"
"3",53,"XY.X","Right",NA,NA,"Adults"
"3",54,"XY.X","Right",NA,NA,"Adults"
"3",55,"XY.X","Kinda Right",NA,NA,"Adults"
"3",58,"XY.X","Right",NA,NA,"Adults"
"3",60,"XY.X","Kinda Right",NA,NA,"Adults"
"3",62,"XY.X","Kinda Right",NA,NA,"Adults"
"3",63,"XY.X","Kinda Right",NA,NA,"Adults"
"3",66,"XY.X","Kinda Right",NA,NA,"Adults"
"3",67,"XY.X","Kinda Right",NA,NA,"Adults"
"3",69,"XY.X","Kinda Right",NA,NA,"Adults"
"3",70,"XY.X","Right",NA,NA,"Adults"
"3",71,"XY.X","Kinda Right",NA,NA,"Adults"
"3",74,"XY.X","Kinda Right",NA,NA,"Adults"
"3",75,"XY.X","Kinda Right",NA,NA,"Adults"
"3",77,"XY.X","Kinda Right",NA,NA,"Adults"
"3",80,"XY.X","Right",NA,NA,"Adults"
"3",82,"XY.X","Kinda Right",NA,NA,"Adults"
"3",84,"XY.X","Right",NA,NA,"Adults"
"3",86,"XY.X","Kinda Right",NA,NA,"Adults"
"3",89,"XY.X","Kinda Right",NA,NA,"Adults"
"3",90,"XY.X","Right",NA,NA,"Adults"
"3",93,"XY.X","Right",NA,NA,"Adults"
"3",95,"XY.X","Right",NA,NA,"Adults"
"3",96,"XY.X","Kinda Right",NA,NA,"Adults"
"3",98,"XY.X","Kinda Right",NA,NA,"Adults"
"3",100,"XY.X","Kinda Right",NA,NA,"Adults"
"3",102,"XY.X","Right",NA,NA,"Adults"
"3",104,"XY.X","Kinda Right",NA,NA,"Adults"
"3",107,"XY.X","Right",NA,NA,"Adults"
"3",109,"XY.X","Kinda Right",NA,NA,"Adults"
